{
  "OFF": {
    "mode": "OFF",
    "avg_fps": 798027.3936668398,
    "min_fps": 826.6457567644666,
    "max_fps": 5988103.5845242245,
    "p50_fps": 18735.36335921734,
    "p95_fps": 4807574.978032741,
    "p99_fps": 5988103.5845242245,
    "avg_latency_ms": 0.203835423694773,
    "p99_latency_ms": 0.9823891549604005
  },
  "SMART": {
    "mode": "SMART",
    "avg_fps": 661480.607529938,
    "min_fps": 702.9669413775732,
    "max_fps": 5988103.5845242245,
    "p50_fps": 8951.909529791901,
    "p95_fps": 4784812.472914636,
    "p99_fps": 4831844.859353508,
    "avg_latency_ms": 0.3213349996120528,
    "p99_latency_ms": 1.3543094956548882
  },
  "SOCIAL": {
    "mode": "SOCIAL",
    "avg_fps": 758432.8616733154,
    "min_fps": 776.6990317387275,
    "max_fps": 5988103.5845242245,
    "p50_fps": 16000.004827977684,
    "p95_fps": 4807574.978032741,
    "p99_fps": 4831844.859353508,
    "avg_latency_ms": 0.3070117267215568,
    "p99_latency_ms": 1.2794149911496788
  },
  "WORKSPACE": {
    "mode": "WORKSPACE",
    "avg_fps": 736824.1283545712,
    "min_fps": 463.02555610587797,
    "max_fps": 4808247.742513294,
    "p50_fps": 11294.074959569796,
    "p95_fps": 4784812.472914636,
    "p99_fps": 4807588.433322351,
    "avg_latency_ms": 0.3169933145846983,
    "p99_latency_ms": 1.7671777954092234
  },
  "MAXIMUM": {
    "mode": "MAXIMUM",
    "avg_fps": 746498.2393267015,
    "min_fps": 698.506947676227,
    "max_fps": 4808247.742513294,
    "p50_fps": 15810.279966483424,
    "p95_fps": 4080730.0858358657,
    "p99_fps": 4807588.433322351,
    "avg_latency_ms": 0.3095366160098388,
    "p99_latency_ms": 1.3001011690357696
  },
  "detectors": {
    "opencv": {
      "avg_time_ms": 31.0443321018829,
      "p99_time_ms": 33.36905941250737,
      "avg_faces": 0.0,
      "fps": 32.2119991732516
    },
    "yolo": {
      "avg_time_ms": 34.21991375944344,
      "p99_time_ms": 38.39881481690101,
      "avg_faces": 0.0,
      "fps": 29.222750443783237
    },
    "mediapipe": {
      "avg_time_ms": 3.6583549875649624,
      "p99_time_ms": 4.276369574363343,
      "avg_faces": 0.0,
      "fps": 273.3469013802868
    }
  }
}