{
  "system": {
    "gpu": "NVIDIA L4",
    "cuda": "12.8",
    "pytorch": "2.7.1+cu128"
  },
  "baseline": {
    "640x640": {
      "fps": 102.89379401461939,
      "ms_per_frame": 9.718759130000763
    },
    "1280x720": {
      "fps": 100.678350286609,
      "ms_per_frame": 9.932622029991762
    },
    "1920x1080": {
      "fps": 95.25631069411442,
      "ms_per_frame": 10.497992130003695
    }
  },
  "batch": {
    "1": 103.80152372223036,
    "2": 167.470191436716,
    "4": 244.3672023477991,
    "8": 266.8042064586953,
    "16": 243.93326144235064,
    "32": 237.2347157634773,
    "64": 211.88487392698434
  },
  "realtime_blur": {
    "High Quality": {
      "interval": 1,
      "scale": 1.0,
      "fps": 58.70430693839654,
      "realtime": true
    },
    "Optimized": {
      "interval": 3,
      "scale": 0.5,
      "fps": 176.1180066164134,
      "realtime": true
    },
    "Fast": {
      "interval": 5,
      "scale": 0.3,
      "fps": 295.86859216612805,
      "realtime": true
    }
  },
  "cuda": {
    "no_optimization": 100.89813129631929,
    "with_optimization": 103.64961090660137,
    "improvement_percent": 2.7269876804769444
  },
  "memory": {
    "batch_1": 0.09110736846923828,
    "batch_8": 0.09110736846923828,
    "batch_32": 0.09110736846923828,
    "batch_64": 0.09110736846923828
  }
}