{
  "system": {
    "gpu": "NVIDIA L4",
    "cuda": "12.8",
    "pytorch": "2.7.1+cu128"
  },
  "baseline": {
    "640x640": {
      "fps": 107.91811203010965,
      "ms_per_frame": 9.266285160001644
    },
    "1280x720": {
      "fps": 106.21584425066341,
      "ms_per_frame": 9.414791239996703
    },
    "1920x1080": {
      "fps": 104.92273299507771,
      "ms_per_frame": 9.530823029999738
    }
  },
  "batch": {
    "1": 112.6287192808757,
    "2": 190.10521282665664,
    "4": 297.44934104014686,
    "8": 250.09174459331365,
    "16": 237.36353145361713,
    "32": 237.92929471584594,
    "64": 212.31580393352988
  },
  "realtime_blur": {
    "High Quality": {
      "interval": 1,
      "scale": 1.0,
      "fps": 63.06950150269769,
      "realtime": true
    },
    "Optimized": {
      "interval": 3,
      "scale": 0.5,
      "fps": 190.2634707214258,
      "realtime": true
    },
    "Fast": {
      "interval": 5,
      "scale": 0.3,
      "fps": 297.28573810461364,
      "realtime": true
    }
  },
  "cuda": {
    "no_optimization": 104.3815926063532,
    "with_optimization": 111.55788208376035,
    "improvement_percent": 6.8750526776024445
  },
  "memory": {
    "batch_1": 0.09110736846923828,
    "batch_8": 0.09110736846923828,
    "batch_32": 0.09110736846923828,
    "batch_64": 0.09110736846923828
  }
}