{
  "system": {
    "gpu": "NVIDIA L4",
    "cuda": "12.8",
    "pytorch": "2.7.1+cu128"
  },
  "baseline": {
    "640x640": {
      "fps": 94.72209966745767,
      "ms_per_frame": 10.557198409987905
    },
    "1280x720": {
      "fps": 90.78643142493016,
      "ms_per_frame": 11.014861849998852
    },
    "1920x1080": {
      "fps": 90.3774789929627,
      "ms_per_frame": 11.064703409992944
    }
  },
  "batch": {
    "1": 94.51393085001877,
    "2": 165.49542177800402,
    "4": 251.5919971066969,
    "8": 245.34913646705638,
    "16": 231.73837530566777,
    "32": 238.22366023413076,
    "64": 211.04961090462282
  },
  "realtime_blur": {
    "High Quality": {
      "interval": 1,
      "scale": 1.0,
      "fps": 58.09980617996967,
      "realtime": true
    },
    "Optimized": {
      "interval": 3,
      "scale": 0.5,
      "fps": 177.96068613996172,
      "realtime": true
    },
    "Fast": {
      "interval": 5,
      "scale": 0.3,
      "fps": 255.11773185856325,
      "realtime": true
    }
  },
  "cuda": {
    "no_optimization": 96.57291456651474,
    "with_optimization": 91.00883891319067,
    "improvement_percent": -5.761528145132044
  },
  "memory": {
    "batch_1": 0.09110736846923828,
    "batch_8": 0.09110736846923828,
    "batch_32": 0.09110736846923828,
    "batch_64": 0.09110736846923828
  }
}