{
  "single_480p": {
    "fps": 25.079620962180975,
    "latency_ms": 39.87301090028268,
    "std_ms": 78.14635468487258
  },
  "single_720p": {
    "fps": 24.5091285389376,
    "latency_ms": 40.801124299923686,
    "std_ms": 76.95191841612613
  },
  "single_1080p": {
    "fps": 68.36025881003694,
    "latency_ms": 14.628382299997611,
    "std_ms": 0.6640896416054518
  },
  "batch_1": {
    "fps": 73.75669627798779,
    "per_image_ms": 13.558091000049899,
    "total_time": 0.013558091000049899
  },
  "batch_2": {
    "fps": 6.881488099219232,
    "per_image_ms": 145.31740600023113,
    "total_time": 0.29063481200046226
  },
  "batch_4": {
    "fps": 12.193491815174747,
    "per_image_ms": 82.01096250013507,
    "total_time": 0.32804385000054026
  },
  "batch_8": {
    "fps": 21.420517352276775,
    "per_image_ms": 46.684213250046014,
    "total_time": 0.3734737060003681
  },
  "batch_16": {
    "fps": 34.860697947384594,
    "per_image_ms": 28.68559893749989,
    "total_time": 0.45896958299999824
  },
  "batch_32": {
    "fps": 47.03641386006847,
    "per_image_ms": 21.260124187506335,
    "total_time": 0.6803239740002027
  },
  "stream_2x4": {
    "fps": 171.6986128735283,
    "total_time": 0.04659327100034716
  },
  "stream_4x4": {
    "fps": 184.3891044335536,
    "total_time": 0.08677302300020528
  },
  "stream_4x8": {
    "fps": 61.46525948762443,
    "total_time": 0.5206192940004257
  },
  "memory": {
    "before_gb": 0.043996334075927734,
    "after_gb": 0.04397773742675781,
    "peak_gb": 3.3323922157287598,
    "used_gb": -1.8596649169921875e-05
  },
  "sustained_load": {
    "duration": 30.01112198829651,
    "frames_processed": 9312,
    "avg_fps": 310.2849671408959,
    "throttling_percent": 1.0726555987071598
  },
  "segmentation_works": false
}