{
  "baseline": 76.29730992188121,
  "batch": {
    "1": 78.27557934354854,
    "4": 164.88673687660483,
    "8": 222.3551744340391,
    "16": 209.75736532555365,
    "32": 206.3241667316624
  },
  "cuda_optimized": 232.87848762248828,
  "mixed_precision": {
    "no_amp": 76.85762266589305,
    "amp": 62.99997492790528
  },
  "memory": {
    "allocated_gb": 0.06653738021850586,
    "reserved_gb": 2.1875
  },
  "video": 60.29627599037255
}