{
  "baseline": 91.34082677888642,
  "batch": {
    "1": 92.44384770242782,
    "4": 194.44814741232315,
    "8": 234.2244460157913,
    "16": 211.04982482441415,
    "32": 206.5861432124884
  },
  "cuda_optimized": 233.5597450894733,
  "mixed_precision": {
    "no_amp": 86.8650266555251,
    "amp": 74.91058060706372
  },
  "memory": {
    "allocated_gb": 0.06653738021850586,
    "reserved_gb": 2.1875
  },
  "video": 71.39571252082723
}